No.,Cat,Article,Article Name,MC2,MC5,Cat.,Remark
10,เครื่องมือช่างและฮาร์ดแวร์,10337766,UAT-ปั๊มลม+มอเตอร์ 5 HP *220V NASH,DJJ: เครื่องมือช่าง,DJJ020702: ปั๊มลมลูกสูบ,C02010612,new cat.
11,เครื่องมือช่างและฮาร์ดแวร์,10337266,"UAT-รถเข็นปูน 12"" ล้อแม็กคู่ น้ำเงิน NAS",DII: ฮาร์ดแวร์,DII060602: รถเข็นปูน,C02140101,new cat.
12,เครื่องมือช่างและฮาร์ดแวร์,10337287,UAT-เครื่องยนต์ 12HP CP120DI NASH,DJJ: เครื่องมือช่าง,DJJ020703: ปั๊มลมโรตารี่,C02010612,new cat.
16,เครื่องมือช่างและฮาร์ดแวร์,10337261,UAT-ปั๊มลมโรตารี่ 2.5HP 24ลิตร NASH,DJJ: เครื่องมือช่าง,DJJ020703: ปั๊มลมโรตารี่,C02010612,new cat.
17,เครื่องมือช่างและฮาร์ดแวร์,10337279,UAT-ลวดเชื่อมเหล็กหล่อ 3.2 มิล # 55 GEMI,DJJ: เครื่องมือช่าง,DJJ020107: ลวดเชื่อม,C02010614,new cat.
18,เครื่องมือช่างและฮาร์ดแวร์,10337277,UAT-ลวดเชื่อมมิก 0.8มม.THE SUN ม้วน15 ก,DJJ: เครื่องมือช่าง,DJJ020107: ลวดเชื่อม,C02010614,new cat.
27,เครื่องมือช่างและฮาร์ดแวร์,10337302,UAT-เหล็กส่งตะปู DT0523-341 NASH แพ็ค4,DJJ: เครื่องมือช่าง,DJJ031204: เหล็กเจาะ สลัก,C02010613,new cat.
28,เครื่องมือช่างและฮาร์ดแวร์,10337303,"UAT-บอลวาล์วปั้มลม 1/4""F-8H NASH",DJJ: เครื่องมือช่าง,DJJ020704: อล.และอุปกรณ์ลม,C02010612,new cat.
29,เครื่องมือช่างและฮาร์ดแวร์,10337304,"UAT-บอลวาล์วปั๊มลม 1/4"" 8H-8H EUROX",DJJ: เครื่องมือช่าง,DJJ020704: อล.และอุปกรณ์ลม,C02010612,new cat.
30,เครื่องมือช่างและฮาร์ดแวร์,10337305,UAT-ข้อต่อคอปเปอร์2ทางตรง เกียวใน 2W-B N,DJJ: เครื่องมือช่าง,DJJ020704: อล.และอุปกรณ์ลม,C02010612,new cat.
32,วัสดุก่อสร้าง,10337307,UAT-ลอนคู่ 5*1.20ม. #ขาว ไม่ใยหิน,DZD: ก่อสร้าง-อื่นๆ,DZD010101: กระเบื้องAC,C08020101,new cat.
33,วัสดุก่อสร้าง,10337308,UAT-ครอบ-ยทป โค้ง 4 ทาง แดงดาหลา,DZD: ก่อสร้าง-อื่นๆ,DZD010103: อปก.มุงหลังคา,C08020801,new cat.
35,วัสดุก่อสร้าง,10337335,UAT-รั้วตาข่ายแรงดึง #13สูง1.65ม*50ม หัว,DZD: ก่อสร้าง-อื่นๆ,DZD010101: กระเบื้องAC,C08100202,new cat.
36,วัสดุก่อสร้าง,10337310,UAT-ครอบ-ลค 3ทางT #น้ำตาล,DZD: ก่อสร้าง-อื่นๆ,DZD010101: กระเบื้องAC,C08020802,new cat.
37,วัสดุก่อสร้าง,10337311,UAT-ครอบ-ลค 3ทางT #ส.ศิลาแลง,DZD: ก่อสร้าง-อื่นๆ,DZD010101: กระเบื้องAC,C08020802,new cat.
38,วัสดุก่อสร้าง,10337312,UAT-ครอบ-ลค ปรับมุมบน-ล่าง #เขียวประกาย,DZD: ก่อสร้าง-อื่นๆ,DZD010101: กระเบื้องAC,C08020802,new cat.
39,วัสดุก่อสร้าง,10337313,UAT-ครอบ-ลค ปิดจั่วปรับมุม #แดง,DZD: ก่อสร้าง-อื่นๆ,DZD010101: กระเบื้องAC,C08020802,new cat.
40,วัสดุก่อสร้าง,10337314,UAT-ลอนคู่ 4*1.50ม. ส้มศิลาแลง ไม่มีใยหิ,DZD: ก่อสร้าง-อื่นๆ,DZD010101: กระเบื้องAC,C08020101,new cat.
41,วัสดุก่อสร้าง,10337315,UAT-ลอนคู่ 4*1.50ม. น้ำเงินคราม ไม่มีใยห,DZD: ก่อสร้าง-อื่นๆ,DZD010101: กระเบื้องAC,C08020101,new cat.
42,วัสดุก่อสร้าง,10337316,UAT-ลอนคู่ 5*1.20ม. #ส้มศิลาแลง ไม่ใยหิน,DZD: ก่อสร้าง-อื่นๆ,DZD010101: กระเบื้องAC,C08020101,new cat.
43,วัสดุก่อสร้าง,10337351,UAT-กันสาด 6 มิล*1*1.20 ม. เขียวใส FN V,DZD: ก่อสร้าง-อื่นๆ,DZD040202: แผ่นบอร์ดผนัง,C08210101,new cat.
44,วัสดุก่อสร้าง,10337347,UAT-กันสาด 6 มิล 1*1.20 ม.ชาใส FN V,DZD: ก่อสร้าง-อื่นๆ,DZD010101: กระเบื้องAC,C08210101,new cat.
45,วัสดุก่อสร้าง,10337328,UAT-ตะแกรงรางน้ำ 30ซม*1ม.*3มม. NASH,DZD: ก่อสร้าง-อื่นๆ,DZD040202: แผ่นบอร์ดผนัง,C08020601,new cat.
46,วัสดุก่อสร้าง,10337318,UAT-Vยางมะตอยสำเร็จรูป บิ๊กวัน สอบ 20กก,DZD: ก่อสร้าง-อื่นๆ,DZD050201: ยางมะตอย,C08080501,new cat.
47,วัสดุก่อสร้าง,10337319,UAT-เฌอร่าบร์อด 10มม.*1.20ม.*2.40ม.,DZD: ก่อสร้าง-อื่นๆ,DZD040202: แผ่นบอร์ดผนัง,C08210301,new cat.
48,วัสดุก่อสร้าง,10337348,UAT-ไม้รั้วหัวมน ดูร่า 1.2*10*150 รองพื้,DZD: ก่อสร้าง-อื่นๆ,DZD040202: แผ่นบอร์ดผนัง,C08100207,new cat.
49,วัสดุก่อสร้าง,10337320,UAT-ช่องเซอร์วิส โปรเซิฟ 60*60*9 MM,DZD: ก่อสร้าง-อื่นๆ,DZD040202: แผ่นบอร์ดผนัง,C08070307,new cat.
50,วัสดุก่อสร้าง,10337321,UAT-ผนังบังใบคอนวูด 6*1*3.05 ม.ลายเกร็ด,DZD: ก่อสร้าง-อื่นๆ,DZD040202: แผ่นบอร์ดผนัง,C08130501,new cat.
54,วัสดุก่อสร้าง,10337502,UAT-ยางมะตอยหยอดร่อง เดอะเซเว่น 20 L.,DZD: ก่อสร้าง-อื่นๆ,DZD050201: ยางมะตอย,C08080502,new cat.
55,วัสดุก่อสร้าง,10337503,UAT-ยางหยอดร่องคอนกรีต พิดิจอยท์ 6690 12,DZD: ก่อสร้าง-อื่นๆ,DZD050201: ยางมะตอย,C08080502,new cat.
56,วัสดุก่อสร้าง,10337504,UAT-Vยางมะตอยสำเร็จรูป NASH สอบ 20กก,DZD: ก่อสร้าง-อื่นๆ,DZD050201: ยางมะตอย,C08080501,new cat.
61,วัสดุก่อสร้าง,10337767,"UAT-แปรงทาสี 4"" #635 PK",DNN: ระบบไฟและแสงสว่าง,DNN010224: แคล้ม,C08060302,new cat.
62,วัสดุก่อสร้าง,10337768,"UAT-ลูกกลิ้งทาสี 10"" NASH 30216",DNN: ระบบไฟและแสงสว่าง,DNN010224: แคล้ม,C08060304,new cat.
63,วัสดุก่อสร้าง,10337769,"UAT-ลูกกลิ้งทาสี 10"" NASH RTS-010",DNN: ระบบไฟและแสงสว่าง,DNN010224: แคล้ม,C08060304,new cat.
64,วัสดุก่อสร้าง,10337450,UAT-อิฐบล็อกคอนกรีต 7ซม.7x19x39 ซม.(เลท2,DZD: ก่อสร้าง-อื่นๆ,DZD030103: อิฐบล๊อก,C08210401,new cat.
65,งานระบบประปา,10337451,UAT-ถังน้ำพีอี BE1000 บาลานซ์,DZD: ก่อสร้าง-อื่นๆ,DZD130101: ถังน้ำพีอี,C17060101,new cat.
71,งานระบบประปา,10337456,"UAT-หัวอุด 13.5 ไม่มีเกลียว 4"" ดาว/A+",DVV: ประปา,DVV020234: หัวอุดPVC,C17070101,new cat.
72,งานระบบประปา,10337457,"UAT-หัวอุด 13.5 ไม่มีเกลียว 1/2"" TOP",DVV: ประปา,DVV020234: หัวอุดPVC,C17070101,new cat.
73,งานระบบประปา,10337458,UAT-เครื่องเชื่อมท่อ(PP-R)  D20-32 กรีนไ,DJJ: เครื่องมือช่าง,DJJ020101: เครื่องเชื่อม พีวีซี,C02090103,new cat.
74,งานระบบประปา,10337459,UAT-สตอปวาล์ว (PP-R)  D25 กรีนไปป์,DVV: ประปา,DVV020505: อปก. ติดตั้งท่อ PP-R,C02010701,new cat.
75,งานระบบประปา,10337460,UAT-ถังดักไขมัน BGT15 บาลานซ์,DZD: ก่อสร้าง-อื่นๆ,DZD130201: ถังดักไขมัน,C17060201,new cat.
76,งานระบบประปา,10337462,UAT-Vน้ำยาดับกลิ่นฆ่าเชื้อ 3500 มล.ไดวา,DAI: แผนกซุปเปอร์,DAI040102: น้ำยาถูพื้น,C03051304,new cat.
77,งานระบบประปา,10337463,"UAT-ก๊อกน้ำ PVC 1/2"" NASH",DVV: ประปา,DVV010505: ก๊อกPVC,C17070301,new cat.
78,งานระบบประปา,10337464,"UAT-ก๊อกน้ำ PVC 1/2"" NS8002 สีส้ม NASH",DVV: ประปา,DVV010505: ก๊อกPVC,C17070301,new cat.
79,งานระบบประปา,10337465,"UAT-ก๊อกแฟนซี 1/2"" ดำ A+",DVV: ประปา,DVV010502: ก๊อกแฟนซี,C17070301,new cat.
80,งานระบบประปา,10337466,"UAT-กิ๊บยึดผนัง P.V.C 11/2""",DVV: ประปา,DVV020239: กิ๊บยึดผนัง,C17070401,new cat.
81,งานระบบประปา,10337770,"UAT-กิ๊บยึดผนัง P.V.C 1""",DVV: ประปา,DVV020239: กิ๊บยึดผนัง,C17070401,new cat.
83,งานระบบประปา,10337468,UAT-ท่อPP-R PN-10 20มม. 4ม. กรีนไปป์,DVV: ประปา,DVV010102: ท่อ PP-R,C17070501,new cat.
84,งานระบบไฟฟ้า,10337469,UAT-ลูกล้อสายไฟ VCT 3x1.5x30ม. SONIC มอก,DNN: ระบบไฟและแสงสว่าง,DNN010408: สวิท หรี่ไฟ,C13100101,new cat.
86,งานระบบไฟฟ้า,10337471,UAT-สายทีวีกลม RG6 664X100ม. ขาว PM,DNN: ระบบไฟและแสงสว่าง,DNN010424: ขาแขวนทีวี,C13120101,new cat.
87,งานระบบไฟฟ้า,10337472,UAT-แผงโซล่าเซลล์ POLY 72 LI-156-330W LI,DNN: ระบบไฟและแสงสว่าง,DNN010501: แผงโซล่าร์เซลล์,C13120201,new cat.
88,งานระบบไฟฟ้า,10337473,"UAT-ท่ออ่อน PVC 3/8""X5ม.เหลือง",DNN: ระบบไฟและแสงสว่าง,DNN010219: เคเบิ้ลเทรย์,C13120301,new cat.
92,งานระบบไฟฟ้า,10337477,UAT-บล๊อคยาง 4X4 พร้อมปลั๊ก SCANER,DNN: ระบบไฟและแสงสว่าง,DNN010409: ลูกล้อสายไฟ,C13120401,new cat.
95,ประตูและหน้าต่าง,10337480,UAT-ปตมน.2บาน+มุ้ง 200x205 ALUGUARD ดำ,DZD: ก่อสร้าง-อื่นๆ,DZD151001: ประตูมิเนียมบานเลื่อ,C16012401,new cat.
96,ประตูและหน้าต่าง,10337481,UAT-ประตูไม้เนื้อแข็ง 80x200 มท 215,DZD: ก่อสร้าง-อื่นๆ,DZD150101: ประตูไม้เบญจพรรณ,C16011201,new cat.
101,วัสดุปูพื้นและผนัง,10337488,UAT-เสื่อน้ำมัน 1.40X 4.50ม.เคลือบ น้ำตา,DTA: เฟอร์นิเจอร์,DTA060101: เสื่อน้ำมันบาง,C12080701,new cat.
109,ห้องน้ำและอุปกรณ์,10337511,UAT-ก๊อกซิงค์ ตพ วีก้า V9409F,DXX: อุปกรณ์ภายในห้องน้ำ,DXX050401: ก๊อกอ่างซิงค์เดี่ยว,C05020301,new cat.
110,ห้องน้ำและอุปกรณ์,10337512,UAT-ชุดอ่างล้างหน้า MR7532 แดง+กระจก,DQQ: สุขภัณฑ์,DQQ020202: ชุดอ่างแก้ว,C05030201,new cat.
111,ห้องน้ำและอุปกรณ์,10337513,UAT-ชุดอ่างล้างหน้าขาตั้ง MR M800-A ลายไ,DQQ: สุขภัณฑ์,DQQ020401: ชุดอ่างล้างหน้า,C05030202,new cat.
112,ห้องน้ำและอุปกรณ์,10337514,"UAT-ผ้าขนหนู HARMONY BORDER 30""X60""DECO",DTB: เครื่องนอนและสิ่งทอ,DTB180102: ผ้าขนหนูทอลาย,C05050201,new cat.
113,ห้องน้ำและอุปกรณ์,10337515,"UAT-ผ้าขนหนู HARMONY BORDER 27""X54""DECO",DTB: เครื่องนอนและสิ่งทอ,DTB180102: ผ้าขนหนูทอลาย,C05050201,new cat.
114,ห้องน้ำและอุปกรณ์,10337516,"UAT-ผ้าขนหนู 11""X11""บางคละสี",DTB: เครื่องนอนและสิ่งทอ,DTB180101: ผ้าขนหนูสีพื้น,C05050201,new cat.
115,ห้องน้ำและอุปกรณ์,10337801,UAT-เสื้อคลุมอาบน้ำ Size S สีขาว Decos,DTB: เครื่องนอนและสิ่งทอ,DTB180101: ผ้าขนหนูสีพื้น,C05050101,new cat.
117,ห้องน้ำและอุปกรณ์,10337519,UAT-ชุดฉีดชำระโครเมี่ยม HANG SS02CR,DXX: อุปกรณ์ภายในห้องน้ำ,DXX030304: ชุดฉีดชำระโครเมี่ยม,C05060101,new cat.
118,ห้องน้ำและอุปกรณ์,10337520,UAT-Jชุดฉีดชำระ PVC PIXO ER01 ฟ้า,DXX: อุปกรณ์ภายในห้องน้ำ,DXX030303: ชุดฉีดชำระพลาสติก,C05060101,new cat.
119,ห้องครัวและอุปกรณ์,10337777,UAT-เตาแก๊สตั้งโต๊ะ2หัว TNS IG 271 GB TE,DOA: เครื่องใช้ไฟฟ้าเล็ก,DOA070101: กระทะไฟฟ้า,C07010208,new cat.
121,ห้องครัวและอุปกรณ์,10337521,UAT-เครื่องกรอง7ขต. FOUNTAIN7S STIEBEL,DOA: เครื่องใช้ไฟฟ้าเล็ก,DOA290103: คกน.PVC4ขต.ขึ้นไป,C07040101,new cat.
122,ห้องครัวและอุปกรณ์,10337522,UAT-E-ที่คว่ำจาน+กล่อง JCJ No.2408 สีเขี,DEE: เครื่องใช้ภายในบ้าน,DEE012501: ลังคว่ำภาชนะ,C07061001,new cat.
124,ห้องครัวและอุปกรณ์,10337779,UAT-เตาแก๊สตั้งโต๊ะ1หัว PC528 I MEX,DOA: เครื่องใช้ไฟฟ้าเล็ก,DOA070101: กระทะไฟฟ้า,C07010208,new cat.
125,ห้องครัวและอุปกรณ์,10337780,UAT-เตาแก๊สตั้งโต๊ะ2หัว DRB-1214 AXIA,DOA: เครื่องใช้ไฟฟ้าเล็ก,DOA070101: กระทะไฟฟ้า,C07010208,new cat.
126,ห้องครัวและอุปกรณ์,10337781,UAT-สายแก๊สใส 1.50ม. แพคส้ม OHIO.,DOA: เครื่องใช้ไฟฟ้าเล็ก,DOA070101: กระทะไฟฟ้า,C07010401,new cat.
127,ห้องครัวและอุปกรณ์,10337525,UAT-เสียบมีดพลาสติก BIGONE No.453,DSB: เครื่องใช้ในครัว,DSB011601: ที่เสียบมีด,C07061101,new cat.
128,เฟอร์นิเจอร์และของแต่งบ้าน,10337526,UAT-ตู้เสื้อผ้า 80 ซม. Snowy white,DTA: เฟอร์นิเจอร์,DTA030701: ตู้เสื้อผ้าปาติเกิล,C04080201,new cat.
129,เฟอร์นิเจอร์และของแต่งบ้าน,10337527,UAT-เตียงนอน 5 ฟุต LUCKY ไวท์โอ๊ค,DTA: เฟอร์นิเจอร์,DTA030601: เตียงนอนปาติเกิล,C04080301,new cat.
131,เฟอร์นิเจอร์และของแต่งบ้าน,10337529,UAT-โซฟาหนัง L-Shape-R 2.30 ม. Denee น้ำ,DTA: เฟอร์นิเจอร์,DTA020101: โซฟาLSHAPEหนัง,C04060601,new cat.
132,เฟอร์นิเจอร์และของแต่งบ้าน,10337530,UAT-โซฟาเบด ผ้า 1.65 ม.รุ่นรีกา น้ำตาล D,DTA: เฟอร์นิเจอร์,DTA020111: โซฟาเบดผ้า,C04060601,new cat.
133,เฟอร์นิเจอร์และของแต่งบ้าน,10337531,UAT-เตียงนอนหนัง 6ฟุต อาเซนอล น้ำตาล SW,DTA: เฟอร์นิเจอร์,DTA030604: เตียงหนัง,C04080301,new cat.
134,เฟอร์นิเจอร์และของแต่งบ้าน,10337533,UAT-เก้าอี้พับเหล็ก-พีวีซี#นาริสีเขียว D,DTA: เฟอร์นิเจอร์,DTA080701: เก้าอี้พับ,C04030301,new cat.
135,เฟอร์นิเจอร์และของแต่งบ้าน,10337534,UAT-โครงตู้เสื้อผ้าเหล็กมีล้อ#มิโอะ สีขา,DTA: เฟอร์นิเจอร์,DTA031001: อะไหล่ชุดห้องนอน,C04090501,new cat.
136,ห้องนอนและเครื่อนอน,10337535,UAT-ที่นอนสปริง 3.5ฟุตx8นิ้ว Annita,DTB: เครื่องนอนและสิ่งทอ,DTB010101: ที่นอนสปริง,C19040701,new cat.
137,ห้องนอนและเครื่อนอน,10337536,UAT-ที่นอนขิด4พับ 110X180ซม ช้างกรมท่า,DTB: เครื่องนอนและสิ่งทอ,DTB260201: ที่นอนผ้าขิด,C19040201,new cat.
138,ห้องนอนและเครื่อนอน,10337537,UAT-หมอนข้าง ใยสังเคราะห์ Tulip,DTB: เครื่องนอนและสิ่งทอ,DTB150105: หมอนข้างใยสังเคราะห์,C19050101,new cat.
139,ห้องนอนและเครื่อนอน,10337538,UAT-ที่นอนปิคนิค 95-105ซม. ลายดาว สีน้ำต,DTB: เครื่องนอนและสิ่งทอ,DTB050103: ที่นอนปิกนิคใยสังเคร,C19030301,new cat.
140,ห้องนอนและเครื่อนอน,10337539,"UAT-ปลอกหมอนหนุน20""x30""+6""CT ริ้วDecos ส",DTB: เครื่องนอนและสิ่งทอ,DTB170202: ปลอกหมอนหนุนสีพื้น,C19010301,new cat.
141,ห้องนอนและเครื่อนอน,10337540,UAT-ปลอกหมอนหนุน พื้น ขาว พ.2 TULIP,DTB: เครื่องนอนและสิ่งทอ,DTB170202: ปลอกหมอนหนุนสีพื้น,C19010301,new cat.
142,ห้องนอนและเครื่อนอน,10337541,UAT-ผ้าปู 3.5 ฟุต 3 ชิ้น DLC076 Tulip,DTB: เครื่องนอนและสิ่งทอ,DTB080309: ผ้าปูCT การ์ตูน,C19010401,new cat.
143,ห้องนอนและเครื่อนอน,10337542,"UAT-ผ้าห่มผ้าแพร 60""X80"" NO.15",DTB: เครื่องนอนและสิ่งทอ,DTB130303: ผ้าห่ม แพร,C19010601,new cat.
144,ห้องนอนและเครื่อนอน,10337543,UAT-มุ้งครอบผู้ใหญ่ไนล่อน XXL เขียว,DTB: เครื่องนอนและสิ่งทอ,DTB190104: มุ้งครอบ,C19020601,new cat.
145,ห้องนอนและเครื่อนอน,10337544,UAT-ม่านกันยุง 90*210 ฟ้า TK-48/BL,DTB: เครื่องนอนและสิ่งทอ,DTB190102: มุ้งลูกไม้,C19020602,new cat.
153,สวนและอุกรณ์ตกแต่ง,10337563,UAT-ตาข่ายปลูกไม้เลื่อย 1.80ม.* 60ม.,DCC: เกษตรและสวน.,DCC060301: วัสดุคลุมเอนกประสงค์,C10050601,new cat.
155,โคมไฟและหลอดไฟ,10337565,UAT-โคมห้อยดิ่งพลาสติก 1L เหลือง MD D250,DUU: โคมไฟ,DUU010404: ช่อพลาสติก/อะคริลิค,C18080101,new cat.
156,โคมไฟและหลอดไฟ,10337566,UAT-สายห้อย-ซิลิโคน ขั้วE27 สีขาว HP,DUU: โคมไฟ,DUU010404: ช่อพลาสติก/อะคริลิค,C18080101,new cat.
157,โคมไฟและหลอดไฟ,10337567,UAT-โคมฟลัดไลท์โซล่าเซลล์ 40W/D+รีโมท PM,DUU: โคมไฟ,DUU020605: โคมโซล่าสปอร์ตไลท์,C18080301,new cat.
158,โคมไฟและหลอดไฟ,10337568,UAT-โคมถาด-LX LED 55*55 คริสตัล DH0011 D,DUU: โคมไฟ,DUU010302: โคมถาดคริสตัล,C18080302,new cat.
159,โคมไฟและหลอดไฟ,10337569,UAT-โคมเพดาน LED 24W/D 2121-400 ฟ้า VZ,DUU: โคมไฟ,DUU010112: โคมเพดานLED อะคริลิค,C18080501,new cat.
160,โคมไฟและหลอดไฟ,10337570,UAT-โคมเพดาน LED 36W/D 6085-500 เดซี่ DC,DUU: โคมไฟ,DUU010112: โคมเพดานLED อะคริลิค,C18080501,new cat.
161,โคมไฟและหลอดไฟ,10337571,UAT-โคมถนนโซล่าเซลล์ HFSS00030D HI-TEK,DUU: โคมไฟ,DUU020604: โคมไฟโซล่าถนน,C18080601,new cat.
162,โคมไฟและหลอดไฟ,10337771,UAT-หลอด LED BULB 11W/D Smart save LAMPT,DNN: ระบบไฟและแสงสว่าง,DNN030116: หลอดบัฟ LED SMART FU,C18060701,new cat.
163,โคมไฟและหลอดไฟ,10337574,UAT-หลอด LED BULB 11W/W Smart save LAMPT,DNN: ระบบไฟและแสงสว่าง,DNN030116: หลอดบัฟ LED SMART FU,C18060701,new cat.
164,โคมไฟและหลอดไฟ,10337575,UAT-หลอด LED BULB 12W/D RACER,DNN: ระบบไฟและแสงสว่าง,DNN030116: หลอดบัฟ LED SMART FU,C18060701,new cat.
165,โคมไฟและหลอดไฟ,10337576,UAT-โคมกันน้ำ LED 10W/D วงรีขาว HI-TEK,DUU: โคมไฟ,DUU030901: โคมกันน้ำกันฝุ่น,C18080701,new cat.
166,โคมไฟและหลอดไฟ,10337577,UAT-โคมกันน้ำ LED 15W/D กลมดำ HI-TEK,DUU: โคมไฟ,DUU030901: โคมกันน้ำกันฝุ่น,C18080701,new cat.
167,เครื่องใช้ไฟฟ้า,10337578,UAT-ตู้แช่ฝาทึบ5.3Q DUAL A5.3 THE COOL,DOB: เครื่องใช้ไฟฟ้าใหญ่,DOB010404: ตู้แช่ฝาทึบ,C09100601,new cat.
173,เครื่องใช้ไฟฟ้า,10337584,UAT-เครื่องทำน้ำอุ่น3500W PREMIER 3500 M,DOA: เครื่องใช้ไฟฟ้าเล็ก,DOA270201: ค.ทำน้ำอุ่น3500-3900,C09030601,new cat.
174,เครื่องใช้ไฟฟ้า,10337585,UAT-แอร์ HSU-24VTRA (H) HAIER,DOB: เครื่องใช้ไฟฟ้าใหญ่,DOB050402: แอร์24 000BTU INVER,C09060303,new cat.
175,เครื่องใช้ไฟฟ้า,10337586,UAT-อปกอ-ยางหุ้มท่อทองแดง 3/8*3/8 FLEX,DNN: ระบบไฟและแสงสว่าง,DNN010427: อุปกรณ์โทรศัพท์,C14010701,new cat.
179,เครื่องใช้ไฟฟ้า,10337590,UAT-เตาBBQตั้งโต๊ะ 2000W JBQ-01A FINEXT,DOA: เครื่องใช้ไฟฟ้าเล็ก,DOA080101: เตาปิ้งย่างเอนกประสง,C09010701,new cat.
183,ทีวีและเครื่องเสียง,10337594,"UAT-LED39"" LTV-3902 ALTRON",DOB: เครื่องใช้ไฟฟ้าใหญ่,DOB071002: TV LED 32<39 DIGITAL,C15050401,new cat.
186,ทีวีและเครื่องเสียง,10337597,UAT-สายไฟสำเร็จ VCT 3x1.5x10ม.มอก.,DNN: ระบบไฟและแสงสว่าง,DNN010425: เสาอากาศ,C15060101,new cat.
187,ทีวีและเครื่องเสียง,10337598,"UAT-เครื่องรีดปากถุง 4"" PFS-100",DNN: ระบบไฟและแสงสว่าง,DNN010426: อุปกรณ์ต่อพ่วงทีวี,C15060102,new cat.
188,ทีวีและเครื่องเสียง,10337599,UAT-เสาทีวีดิจิตอล HD-16E+สาย 20ม. BETA,DNN: ระบบไฟและแสงสว่าง,DNN010421: ไฟฉาย,C15010201,new cat.
189,ทีวีและเครื่องเสียง,10337600,"UAT-ขาแขวนทีวี 26-70"" 50 กก. PM-006 POWE",DNN: ระบบไฟและแสงสว่าง,DNN010420: กระดิ่ง-ออด,C15020101,new cat.
192,ของใช้ภายในบ้าน,10337605,UAT-ตะกร้าพลาสติกเหลี่ยม DECOS 2158 เขีย,DEE: เครื่องใช้ภายในบ้าน,DEE012701: ตระกร้าพลาสติก,C06010301,new cat.
193,ของใช้ภายในบ้าน,10337561,UAT-ชั้นตะกร้า 4 ชั้น 2 หน้า TTB4SPRล้อ,DTA: เฟอร์นิเจอร์,DTA080401: ชั้นวางของ/เชลล์,C06010302,new cat.
195,ของใช้ภายในบ้าน,10337782,UAT-รองเท้าแตะสวม ปุ่มนวดเท้า คละDM20061,DOA: เครื่องใช้ไฟฟ้าเล็ก,DOA070101: กระทะไฟฟ้า,C09030801,new cat.
196,ของใช้ภายในบ้าน,10337797,UAT-รองเท้าแตะสวม เรียบ คละ DM200612-24,DOA: เครื่องใช้ไฟฟ้าเล็ก,DOA070101: กระทะไฟฟ้า,C09030801,new cat.
197,ของใช้ภายในบ้าน,10337611,UAT-เครื่องดักยุง HW-208A,DOA: เครื่องใช้ไฟฟ้าเล็ก,DOA200101: เครื่องดักแมลง,C09010202,new cat.
198,ของใช้ภายในบ้าน,10337684,UAT-ถุงขยะมาตรฐาน แชมเปี้ยน 36x45 (7ใบ),DEE: เครื่องใช้ภายในบ้าน,DEE014401: ถุงขยะ,C06110201,new cat.
199,ของใช้ภายในบ้าน,10337707,UAT-พรมเช็ดเท้าตัวหนอน BT-01 1600Gsm ฟ้า,DTB: เครื่องนอนและสิ่งทอ,DTB250101: พรมเช็ดเท้าผ้า,C06120301,new cat.
200,ของใช้ภายในบ้าน,10337708,UAT-พรมเช็ดเท้าตัวหนอน BT-02 1000Gsm เทา,DTB: เครื่องนอนและสิ่งทอ,DTB250101: พรมเช็ดเท้าผ้า,C06120301,new cat.
202,ของใช้ภายในบ้าน,10337686,UAT-ห่วงยางสอดขา รูปเป็ด 49x77cm.TR18728,DGG: กิ๊บช๊อบ,DGG050605: ห่วงยาง,C06140502,new cat.
203,ของใช้ภายในบ้าน,10337613,UAT-สระยาง4เหลี่ยม3ชั้น 305X183X56ซม.010,DGG: กิ๊บช๊อบ,DGG050603: สระยาง,C06140501,new cat.
207,อุกรณ์สำนักงาน,10337616,UAT-Vผ้าหมึกเครื่องตอกบัตร CRT-06 NEOCAL,DKB: เครื่องใช้สำนักงาน,DKB090301: ผ้าหมึกรีฟิว/พิมพ์ดี,C01041201,new cat.
208,อุกรณ์สำนักงาน,10337688,UAT-แผ่นรองเมาส์ ผ้า Doraemon คละลาย ASA,DKB: เครื่องใช้สำนักงาน,DKB080101: แผ่นรองเม้าท์,C01041001,new cat.
209,อุกรณ์สำนักงาน,10337775,UAT-แท่นวางโทรศัพท์ติดรถยนต์ C2aX348-5,DNN: ระบบไฟและแสงสว่าง,DNN030116: หลอดบัฟ LED SMART FU,C01041002,new cat.
210,อุกรณ์สำนักงาน,10337617,UAT-แฟลชไดร์ 32GB AH333 Black APACER,DKB: เครื่องใช้สำนักงาน,DKB030601: แฟลชไดร์,C01030301,new cat.
211,อุกรณ์สำนักงาน,10337618,UAT-เครื่องคิดเงิน 10MP120-MG ES II CAN,DKB: เครื่องใช้สำนักงาน,DKB170101: เครื่องบันทึกเงินสด,C01010901,new cat.
212,อุกรณ์สำนักงาน,10337689,UAT-พรินเตอร์อิงค์เจ็ท G2010 CANON,DKB: เครื่องใช้สำนักงาน,DKB110201: เครื่องพิมพ์อิงเจ็ท,C01011101,new cat.
213,กีฬาและฟิตเนต,10337619,UAT-ไม้เทนนิสเด็ก PRINCESS SKA,DKA: อุปกรณ์กีฬา,DKA010201: ไม้เทนนีส,C11010701,new cat.
214,กีฬาและฟิตเนต,10337690,UAT-Jตะกร้อ แข่งขันหญิง MT-201J MARATHON,DKA: อุปกรณ์กีฬา,DKA020401: ลูกตะกร้อ,C11010601,new cat.
215,กีฬาและฟิตเนต,10337691,UAT-Jลูกบาสยาง #7 B982 MOLTEN,DKA: อุปกรณ์กีฬา,DKA020501: ลูกบาส,C11010801,new cat.
216,กีฬาและฟิตเนต,10337620,UAT-ถุงมือผู้รักษาประตู CG-1802 L TSP,DKA: อุปกรณ์กีฬา,DKA010404: อปก.เล่น ฟุตบอล,C11011901,new cat.
217,กีฬาและฟิตเนต,10337621,UAT-จักรยาน 3 ล้อ 20 นิ้ว FLD-1005,DKA: อุปกรณ์กีฬา,DKA040102: จักรยาน,C11011902,new cat.
218,กีฬาและฟิตเนต,10337710,UAT-แว่นตาว่ายน้ำ ผู้ใหญ่ คละ DMA200530-,DKA: อุปกรณ์กีฬา,DKA021001: โต๊ะสนุ๊ก,C11011903,new cat.
219,กีฬาและฟิตเนต,10337692,UAT-Jสนับแข็ง #818 NATIONMAN,DKA: อุปกรณ์กีฬา,DKA030104: สนับแข้ง/เข่า/ศอก,C11011401,new cat.
220,กีฬาและฟิตเนต,10337622,UAT-เสื่อโยคะ TPE 10 มิล DM190708-3 ทูโท,DKA: อุปกรณ์กีฬา,DKA021201: เสื่อ-เบาะโยคะ,C11011501,new cat.
223,กีฬาและฟิตเนต,10337693,UAT-สนับเข่า#744 ซ้าย L สีเนื้อ NATIONMA,DKA: อุปกรณ์กีฬา,DKA030104: สนับแข้ง/เข่า/ศอก,C11011401,new cat.
224,กีฬาและฟิตเนต,10337712,UAT-โฟมว่ายน้ำเด็ก คละสี ลายเรืองแสง,DKA: อุปกรณ์กีฬา,DKA021001: โต๊ะสนุ๊ก,C11011903,new cat.
225,กีฬาและฟิตเนต,10337625,UAT-ลูกปิงปอง 3 ดาว GS-378324 แพค(6) สีส,DKA: อุปกรณ์กีฬา,DKA020702: ลูกปิงปอง,C11011101,new cat.
226,อุปโภคและบริโภค,10337714,UAT-ไดร์เป่าผม1000W HP8108 PHILIPS,DOA: เครื่องใช้ไฟฟ้าเล็ก,DOA230101: ไดร์เป่าผม,C03051006,new cat.
227,อุปโภคและบริโภค,10337735,UAT-ลูกบิดทั่วไป สตล #28407 COLT,DPP: อปก.ประตู-หน้าต่าง,DPP020101: ลูกบิดประตูสตล.,C16020502 ,new cat.
228,อุปโภคและบริโภค,10337727,UAT-ลูกบิดห้องน้ำ สตล #25402 COLT,DPP: อปก.ประตู-หน้าต่าง,DPP020201: ลูกบิดห้องน้ำ,C16020503 ,new cat.
229,อุปโภคและบริโภค,10337728,UAT-ลูกบิดห้องน้ำ สตล #26502 COLT,DPP: อปก.ประตู-หน้าต่าง,DPP020201: ลูกบิดห้องน้ำ,C16020503 ,new cat.
230,อุปโภคและบริโภค,10337633,UAT-VกาวPVC 1000 กรัม เต่า,DVV: ประปา,DVV020238: กาวพีวีซี,C17020701,new cat.
231,อุปโภคและบริโภค,10337634,UAT-VกาวPVC 250 กรัม เต่า,DVV: ประปา,DVV020238: กาวพีวีซี,C17020702,new cat.
232,อุปโภคและบริโภค,10337635,UAT-VกาวPVC 100 กรัม เต่า,DVV: ประปา,DVV020238: กาวพีวีซี,C17020703,new cat.
233,อุปโภคและบริโภค,10337636,UAT-VกาวPVC 50 กรัม เต่า,DVV: ประปา,DVV020238: กาวพีวีซี,C17020704,new cat.
234,ประตูและหน้าต่าง,10337784,UAT-ปต.UPVCภายใน 70x200 BN-G1A-B-1A BEEC,DZD: ก่อสร้าง-อื่นๆ,DZD151301: ประตูUPVC,C16010601,new cat.
235,ประตูและหน้าต่าง,10337785,UAT-ปต.UPVC ภายใน 70x200 BN-G1A-B-1A ASH,DZD: ก่อสร้าง-อื่นๆ,DZD151301: ประตูUPVC,C16010601,new cat.
236,ประตูและหน้าต่าง,10337786,UAT-ปต.UPVC ภายใน 70x200 BN-G1A-B-1A SG,DZD: ก่อสร้าง-อื่นๆ,DZD151301: ประตูUPVC,C16010601,new cat.
237,ประตูและหน้าต่าง,10337787,UAT-ปต.UPVCภายใน70x200 BN-G1A-B-1A WALNU,DZD: ก่อสร้าง-อื่นๆ,DZD151301: ประตูUPVC,C16010601,new cat.
238,ประตูและหน้าต่าง,10337788,UAT-ปต.UPVCภายใน70x200 BN-G1A-B-1A BE-WN,DZD: ก่อสร้าง-อื่นๆ,DZD151301: ประตูUPVC,C16010601,new cat.
239,ประตูและหน้าต่าง,10337789,UAT-ปต.UPVC ภายใน 70x200 BN-G1A-B SG-ASH,DZD: ก่อสร้าง-อื่นๆ,DZD151301: ประตูUPVC,C16010601,new cat.
240,ประตูและหน้าต่าง,10337790,UAT-ปต.UPVC ภายใน 80x200 L0A-G1A-B BE-WN,DZD: ก่อสร้าง-อื่นๆ,DZD151301: ประตูUPVC,C16010601,new cat.
241,ประตูและหน้าต่าง,10337791,UAT-ปต.UPVC ภายใน 80x200 L0A-G1A-B SG-AS,DZD: ก่อสร้าง-อื่นๆ,DZD151301: ประตูUPVC,C16010601,new cat.
242,ประตูและหน้าต่าง,10337792,UAT-ปต.UPVC ภายใน 70x200 L55-1A ขาว (จ),DZD: ก่อสร้าง-อื่นๆ,DZD151301: ประตูUPVC,C16010601,new cat.
243,ประตูและหน้าต่าง,10337793,UAT-ปต.UPVC ภายใน 70x200 L65-1A ขาว (จ),DZD: ก่อสร้าง-อื่นๆ,DZD151301: ประตูUPVC,C16010601,new cat.
244,ประตูและหน้าต่าง,10337637,UAT-ปต.UPVC ภายนอก 80x200 L93 ขาว (จ),DZD: ก่อสร้าง-อื่นๆ,DZD151301: ประตูUPVC,C16010601,new cat.
245,ห้องน้ำและอุปกรณ์,10337638,UAT-กระจกพลาสติกกลมขาวเดี่ยว C002 MR,DXX: อุปกรณ์ภายในห้องน้ำ,DXX010105: กระจกPVCเซท,C05011501,new cat.
246,ห้องน้ำและอุปกรณ์,10337639,UAT-กระจกพลาสติกกลมขาว 3 ชิ้น C004 MR,DXX: อุปกรณ์ภายในห้องน้ำ,DXX010105: กระจกPVCเซท,C05011502,new cat.
247,ห้องน้ำและอุปกรณ์,10337640,UAT-กระจกพลาสติกเหลี่ยมฟ้า 3ชิ้น ALU C00,DXX: อุปกรณ์ภายในห้องน้ำ,DXX010105: กระจกPVCเซท,C05011503,new cat.
248,ห้องน้ำและอุปกรณ์,10337641,UAT-กระจกพลาสติกเหลี่ยมขาว 3ชิ้น ALU C00,DXX: อุปกรณ์ภายในห้องน้ำ,DXX010105: กระจกPVCเซท,C05011504,new cat.
249,ห้องน้ำและอุปกรณ์,10337642,UAT-กระจกพลาสติกกลมขาว 3ชิ้น ALU C008 M,DXX: อุปกรณ์ภายในห้องน้ำ,DXX010105: กระจกPVCเซท,C05011502,new cat.
250,ห้องน้ำและอุปกรณ์,10337643,UAT-กระจกพลาสติกเหลี่ยมขาว 4ชิ้น ALU C00,DXX: อุปกรณ์ภายในห้องน้ำ,DXX010105: กระจกPVCเซท,C05011505,new cat.
251,ห้องน้ำและอุปกรณ์,10337644,UAT-กระจกพลาสติกกลมขาว 4ชิ้น ALU C006 MR,DXX: อุปกรณ์ภายในห้องน้ำ,DXX010105: กระจกPVCเซท,C05011506,new cat.
252,ฮาร์ดแวร์,10337645,UAT-Vแผ่นปิดรอยต่อ 10ซม.*3ม. NASH,DII: ฮาร์ดแวร์,DII030301: แผ่นปิดรอยต่อ,C02051201,new cat.
253,ฮาร์ดแวร์,10337646,UAT-Vแผ่นปิดรอยต่อ 20ซม.*3ม. NASH,DII: ฮาร์ดแวร์,DII030301: แผ่นปิดรอยต่อ,C02051201,new cat.
254,ฮาร์ดแวร์,10337647,UAT-Vแผ่นปิดรอยต่อ 30ซม.*10ม. NASH,DII: ฮาร์ดแวร์,DII030301: แผ่นปิดรอยต่อ,C02051201,new cat.
255,ฮาร์ดแวร์,10337648,UAT-Vแผ่นปิดรอยต่อ 30ซม.*3ม. NASH,DII: ฮาร์ดแวร์,DII030301: แผ่นปิดรอยต่อ,C02051201,new cat.
256,ระบบไฟและแสงสว่าง,10337649,UAT-ฟลูเซท LED 18W/D GREEN LYN-GUARD LAM,DNN: ระบบไฟและแสงสว่าง,DNN030124: หลอด DC 12V LED,C13120501,new cat.
257,ระบบไฟและแสงสว่าง,10337650,UAT-ฟลูเซท LED 9W/D SMART SAVE LYN LAMPT,DNN: ระบบไฟและแสงสว่าง,DNN030124: หลอด DC 12V LED,C13120501,new cat.
258,ระบบไฟและแสงสว่าง,10337651,UAT-ฟลูเซท LED 18W/D SMART SAVE LYN LAMP,DNN: ระบบไฟและแสงสว่าง,DNN030124: หลอด DC 12V LED,C13120501,new cat.
259,ระบบไฟและแสงสว่าง,10337652,UAT-ฟลูเซท LED 9W/D NANO LYN-GUARD LAMPT,DNN: ระบบไฟและแสงสว่าง,DNN030124: หลอด DC 12V LED,C13120501,new cat.
260,ระบบไฟและแสงสว่าง,10337653,UAT-ฟลูเซท LED 18W/D NANO LYN-GUARD LAMP,DNN: ระบบไฟและแสงสว่าง,DNN030124: หลอด DC 12V LED,C13120501,new cat.
261,ระบบไฟและแสงสว่าง,10337654,UAT-ฟลูเซท LED 20W/D HIGH LUMEN LYN LAMP,DNN: ระบบไฟและแสงสว่าง,DNN030124: หลอด DC 12V LED,C13120501,new cat.
262,เฟอร์นิเจอร์,10337655,UAT-เตียงหนัง รุ่นBATTLE 6 ฟุต สีเทา DC,DTA: เฟอร์นิเจอร์,DTA030604: เตียงหนัง,C04080302,new cat.
263,เฟอร์นิเจอร์,10337656,UAT-เตียงหนัง รุ่นBATTLE 5 ฟุต สีเทา DC,DTA: เฟอร์นิเจอร์,DTA030604: เตียงหนัง,C04080302,new cat.
264,เฟอร์นิเจอร์,10337657,UAT-เตียงหนัง รุ่นBATTLE 3.5 ฟุต สีเทา D,DTA: เฟอร์นิเจอร์,DTA030604: เตียงหนัง,C04080302,new cat.
265,เฟอร์นิเจอร์,10337658,UAT-โซฟาปรับนอนหนัง1.70ม.Canada ll เทา D,DTA: เฟอร์นิเจอร์,DTA020115: โซฟาปรับนอนหนัง,C04060602,new cat.
266,เครื่องใช้ไฟฟ้าเล็ก,10337794,UAT-เก้าอี้รีไคลเนอร์ไฟฟ้าหนังแท้ 2 ELON,DOA: เครื่องใช้ไฟฟ้าเล็ก,DOA070101: กระทะไฟฟ้า,C09030701,new cat.
267,เครื่องใช้ไฟฟ้าเล็ก,10337795,UAT-เก้าอี้รีไคลเนอร์ไฟฟ้าผ้า3ทน Riva เท,DOA: เครื่องใช้ไฟฟ้าเล็ก,DOA070101: กระทะไฟฟ้า,C09030701,new cat.
268,เครื่องใช้ไฟฟ้าเล็ก,10337796,UAT-เก้าอี้รีไคลเนอร์ไฟฟ้าผ้า2ทน Riva เท,DOA: เครื่องใช้ไฟฟ้าเล็ก,DOA070101: กระทะไฟฟ้า,C09030701,new cat.
269,อุปกรณ์ภายในห้องน้ำ,10337659,UAT-ท่อน้ำทิ้งพีแทร๊ป SS304 31CM. M9212A,DXX: อุปกรณ์ภายในห้องน้ำ,DXX080305: ท่อน้ำทิ้ง,C05091501,new cat.
270,อุปกรณ์ภายในห้องน้ำ,10337660,UAT-ท่อน้ำทิ้งพีแทร๊ป SS304 35CM. M9214A,DXX: อุปกรณ์ภายในห้องน้ำ,DXX080305: ท่อน้ำทิ้ง,C05091501,new cat.
271,อุปกรณ์ภายในห้องน้ำ,10337661,UAT-ท่อน้ำทิ้งพีแทร๊ป SS201 35CM. M9214H,DXX: อุปกรณ์ภายในห้องน้ำ,DXX080305: ท่อน้ำทิ้ง,C05091501,new cat.
273,อุปกรณ์ภายในห้องน้ำ,10337663,UAT-ท่อน้ำทิ้งพีแทร๊ป SS201 41CM. M9216H,DXX: อุปกรณ์ภายในห้องน้ำ,DXX080305: ท่อน้ำทิ้ง,C05091501,new cat.
276,ระบบไฟและแสงสว่าง,10337666,UAT-หลอด LED ปิงปอง 3W/W แก้วใส EVE,DNN: ระบบไฟและแสงสว่าง,DNN030121: หลอด MR16 LED,C13120601,new cat.
277,ระบบไฟและแสงสว่าง,10337667,UAT-หลอด LED ปิงปอง 3W/W แก้วขุ่น EVE,DNN: ระบบไฟและแสงสว่าง,DNN030121: หลอด MR16 LED,C13120601,new cat.
278,ระบบไฟและแสงสว่าง,10337668,UAT-หลอด LED ปิงปอง 3W เหลือง EVE,DNN: ระบบไฟและแสงสว่าง,DNN030121: หลอด MR16 LED,C13120601,new cat.
279,อุปกรณ์ภายในห้องน้ำ,10337706,UAT-ก๊อกซิงค์ตผS304 SMOKE ECOLINE DHSN12,DXX: อุปกรณ์ภายในห้องน้ำ,DXX050401: ก๊อกอ่างซิงค์เดี่ยว,C05020302,new cat.
285,เครื่องใช้ไฟฟ้าเล็ก,10337739,UAT-คอมพิวเตอร์ไรซ์ 2L ขาว SM-RCD910 FIN,DOA: เครื่องใช้ไฟฟ้าเล็ก,DOA060301: คอมพิวเตอร์ไรซ์,C01010216,new cat.
286,เครื่องใช้ภายในบ้าน,10337740,UAT-ถังน้ำดื่มพลาสติก 18.9L PC577 ฝาฟ้า,DEE: เครื่องใช้ภายในบ้าน,DEE012001: ถังใส่น้ำดื่ม,C06011101,new cat.
287,ระบบไฟและแสงสว่าง,10337741,UAT-หลอดนีออน T8 10W/D PremiumSafePlus R,DNN: ระบบไฟและแสงสว่าง,DNN030113: หลอดนีออน LED,C13120602,new cat.
288,ระบบไฟและแสงสว่าง,10337742,UAT-หลอดนีออน T8 20W/D PremiumSafePlus R,DNN: ระบบไฟและแสงสว่าง,DNN030113: หลอดนีออน LED,C13120602,new cat.
293,เครื่องใช้ไฟฟ้าเล็ก,10337747,UAT-กระทะไฟฟ้าอเนกประสงค์ 2.2L SFP800 FI,DOA: เครื่องใช้ไฟฟ้าเล็ก,DOA070101: กระทะไฟฟ้า,C09010201,new cat.